,DTXSID,LD50_mgkg,casrn_x,mol_weight,LD50_LM,LD50_p,LD50_LM_p,av_sim,k,ID#,AOT,ID,Cluster_class
1025,DTXSID90165677,14.1,154619-76-8,472.717987061,1.525383015,13.51100234784179,1.544457901501322,0.7232236154649948,3,154619768,Not categorized,154619768,59
1026,DTXSID50165678,18.28,154619-86-0,472.717987061,1.41262593625,11.86992607804873,1.588700825436517,0.7139278591927067,3,154619860,Not categorized,154619860,59
1027,DTXSID10165679,15.3,154619-91-7,484.729003906,1.50080757582,12.73649276380024,1.562849169175752,0.6621601824250299,3,154619917,Not categorized,154619917,59
1048,DTXSID1042574,9800.0,15676-16-1,341.429992676,-1.45792440695,2600.0,-0.881671679225,1.0,1,15676161,Not categorized,15676161,59
1457,DTXSID0042583,2600.0,23672-07-3,341.429992676,-0.881671679225,9800.0,-1.45792440695,1.0,1,23672073,Not categorized,23672073,59
2629,DTXSID3023471,4.5,57-47-6,275.351989746,1.78667570535,15.8796958174905,1.479953626939506,0.588746825089328,3,57476,Not categorized,57476,59
3638,DTXSID7057860,255.0,88069-49-2,308.850006104,0.0832074338223,255.0,0.0286541652844,0.9795918367346939,1,88069492,Not categorized,88069492,59
3639,DTXSID1046639,255.0,88069-67-4,272.391998291,0.0286541652844,255.0,0.0832074338223,0.9795918367346939,1,88069674,Not categorized,88069674,59
3740,DTXSID50238533,396.0,91374-20-8,296.835510254,-0.125179331822,862.0,-0.5198979552849999,0.9795918367346939,1,91374208,Not categorized,91374208,59
3741,DTXSID8045195,862.0,91374-21-9,260.381011963,-0.5198979552849999,396.0,-0.125179331822,0.9795918367346939,1,91374219,Not categorized,91374219,59
